﻿,2,3,4,5,6,7,8,9,10,A
21,S,S,S,S,S,S,S,S,S,S
20,S,S,S,S,S,S,S,S,S,S
19,S,S,S,S,S,S,S,S,S,S
18,S,S,S,S,S,S,S,S,S,S
17,S,S,S,S,S,S,S,S,S,S
16,S,S,S,S,S,H,H,Sr,Sr,H
15,S,S,S,S,S,H,H,H,Sr,H
14,S,S,S,S,S,H,H,H,H,H
13,S,S,S,S,S,H,H,H,H,H
12,H,H,S,S,S,H,H,H,H,H
11,D,D,D,D,D,D,D,D,D,H
10,D,D,D,D,D,D,D,D,H,H
9,H,D,D,D,D,H,H,H,H,H
8,H,H,H,H,H,H,H,H,H,H
7,H,H,H,H,H,H,H,H,H,H
6,H,H,H,H,H,H,H,H,H,H
5,H,H,H,H,H,H,H,H,H,H
4,H,H,H,H,H,H,H,H,H,H
3,H,H,H,H,H,H,H,H,H,H
2,H,H,H,H,H,H,H,H,H,H
,,,,,,,,,,
21,S,S,S,S,S,S,S,S,S,S
20,S,S,S,S,S,S,S,S,S,S
19,S,S,S,S,S,S,S,S,S,S
18,S,D,D,D,D,S,S,H,H,H
17,H,D,D,D,D,H,H,H,H,H
16,H,H,D,D,D,H,H,H,H,H
15,H,H,D,D,D,H,H,H,H,H
14,H,H,H,D,D,H,H,H,H,H
13,H,H,H,D,D,H,H,H,H,H
12,P,P,P,P,P,P,P,P,P,P
,,,,,,,,,,
20,S,S,S,S,S,S,S,S,S,S
18,P,P,P,P,P,S,P,P,S,S
16,P,P,P,P,P,P,P,P,P,P
14,P,P,P,P,P,P,H,H,H,H
12,P,P,P,P,P,H,H,H,H,H
10,D,D,D,D,D,D,D,D,H,H
8,H,H,H,P,P,H,H,H,H,H
6,P,P,P,P,P,P,H,H,H,H
4,P,P,P,P,P,P,H,H,H,H
